,Location,TMAX,TMIN,TAVG,AWND,AWDR,PRCP,SNOW,DATE
1,schiphol,171,94,140,61,173,1,,01-10-2017
2,schiphol,176,139,157,80,249,4,,02-10-2017
3,schiphol,168,118,139,62,282,29,,03-10-2017
4,schiphol,158,122,136,78,255,17,,04-10-2017
5,schiphol,158,114,133,90,286,150,,05-10-2017
6,schiphol,147,101,118,65,310,56,,06-10-2017
7,schiphol,151,103,127,58,251,114,,07-10-2017
8,schiphol,153,112,127,24,323,-1,,08-10-2017
9,schiphol,145,107,125,21,206,77,,09-10-2017
10,schiphol,164,121,145,59,231,3,,10-10-2017
11,schiphol,160,136,148,85,214,36,,11-10-2017
12,schiphol,159,104,135,63,252,0,,12-10-2017
13,schiphol,188,107,152,57,217,0,,13-10-2017
14,schiphol,195,108,152,43,215,0,,14-10-2017
15,schiphol,215,109,160,39,164,0,,15-10-2017
16,schiphol,234,134,182,45,184,0,,16-10-2017
17,schiphol,156,82,129,38,218,0,,17-10-2017
18,schiphol,178,106,143,20,91,0,,18-10-2017
19,schiphol,203,115,160,41,139,23,,19-10-2017
20,schiphol,167,107,135,72,200,74,,20-10-2017
21,schiphol,173,108,129,72,190,33,,21-10-2017
22,schiphol,136,99,115,70,246,107,,22-10-2017
23,schiphol,152,108,128,49,253,5,,23-10-2017
24,schiphol,169,132,154,65,218,6,,24-10-2017
25,schiphol,173,93,141,53,240,-1,,25-10-2017
26,schiphol,168,113,138,35,260,0,,26-10-2017
27,schiphol,145,95,117,51,312,25,,27-10-2017
28,schiphol,154,106,130,95,274,-1,,28-10-2017
29,schiphol,151,56,104,76,323,11,,29-10-2017
30,schiphol,121,46,83,25,321,1,,30-10-2017
31,schiphol,130,78,110,46,231,1,,31-10-2017
32,schiphol,139,89,116,44,216,-1,,01-11-2017
33,schiphol,149,48,97,26,269,-1,,02-11-2017
34,schiphol,136,47,95,21,174,0,,03-11-2017
35,schiphol,133,86,108,33,187,28,,04-11-2017
36,schiphol,107,51,76,24,282,35,,05-11-2017
37,schiphol,105,11,60,10,325,2,,06-11-2017
38,schiphol,94,-2,42,17,141,0,,07-11-2017
39,schiphol,79,18,62,16,15,1,,08-11-2017
40,schiphol,120,62,88,39,217,37,,09-11-2017
41,schiphol,121,63,93,69,278,16,,10-11-2017
42,schiphol,109,39,77,43,285,5,,11-11-2017
43,schiphol,77,44,60,24,317,51,,12-11-2017
44,schiphol,107,33,69,38,335,8,,13-11-2017
45,schiphol,106,42,81,44,215,25,,14-11-2017
46,schiphol,110,91,100,37,189,14,,15-11-2017
47,schiphol,115,46,95,27,215,11,,16-11-2017
48,schiphol,111,18,61,25,255,0,,17-11-2017
49,schiphol,98,51,76,62,277,65,,18-11-2017
50,schiphol,100,35,72,61,298,16,,19-11-2017
51,schiphol,120,53,85,53,236,99,,20-11-2017
52,schiphol,127,109,119,65,234,22,,21-11-2017
53,schiphol,129,93,109,79,193,21,,22-11-2017
54,schiphol,146,71,106,78,204,12,,23-11-2017
55,schiphol,96,37,67,24,226,34,,24-11-2017
56,schiphol,81,1,44,33,252,8,,25-11-2017
57,schiphol,81,38,62,62,269,32,,26-11-2017
58,schiphol,103,55,76,70,244,147,,27-11-2017
59,schiphol,85,26,57,57,264,73,,28-11-2017
60,schiphol,52,6,31,13,201,7,,29-11-2017
61,schiphol,46,-22,19,11,280,44,,30-11-2017
62,schiphol,46,-43,4,15,20,0,,01-12-2017
63,schiphol,16,-41,-2,29,179,-1,,02-12-2017
64,schiphol,89,15,53,22,239,29,,03-12-2017
65,schiphol,91,48,73,39,282,16,,04-12-2017
66,schiphol,93,71,84,57,264,0,,05-12-2017
67,schiphol,102,69,86,68,234,0,,06-12-2017
68,schiphol,78,47,62,78,218,65,,07-12-2017
69,schiphol,63,9,34,83,279,115,,08-12-2017
70,schiphol,58,8,34,62,266,93,,09-12-2017
71,schiphol,17,0,8,20,124,127,,10-12-2017
72,schiphol,18,-36,2,45,39,63,,11-12-2017
73,schiphol,50,4,19,34,229,10,,12-12-2017
74,schiphol,65,8,37,62,197,94,,13-12-2017
75,schiphol,65,4,35,52,231,78,,14-12-2017
76,schiphol,45,-20,23,29,173,5,,15-12-2017
77,schiphol,64,-13,24,30,302,45,,16-12-2017
78,schiphol,66,-24,27,32,209,43,,17-12-2017
79,schiphol,82,2,59,44,333,28,,18-12-2017
80,schiphol,81,6,56,32,244,0,,19-12-2017
81,schiphol,91,50,77,27,268,-1,,20-12-2017
82,schiphol,91,74,84,25,266,10,,21-12-2017
83,schiphol,99,51,84,10,273,34,,22-12-2017
84,schiphol,92,80,86,74,247,1,,23-12-2017
85,schiphol,96,77,85,86,233,3,,24-12-2017
86,schiphol,99,46,76,82,199,-1,,25-12-2017
87,schiphol,74,45,58,74,204,19,,26-12-2017
88,schiphol,70,36,53,26,187,65,,27-12-2017
89,schiphol,56,19,43,67,269,10,,28-12-2017
90,schiphol,73,-4,32,54,209,44,,29-12-2017
91,schiphol,118,39,87,80,230,42,,30-12-2017
92,schiphol,131,80,104,88,219,176,,31-12-2017
93,schiphol,83,56,68,67,226,10,,01-01-2018
94,schiphol,94,37,66,50,219,44,,02-01-2018
95,schiphol,114,58,86,130,254,86,,03-01-2018
96,schiphol,109,69,81,82,239,5,,04-01-2018
97,schiphol,79,33,61,53,215,35,,05-01-2018
98,schiphol,70,15,46,14,32,0,,06-01-2018
99,schiphol,39,-8,15,85,55,0,,07-01-2018
100,schiphol,35,-13,9,66,76,0,,08-01-2018
101,schiphol,56,-4,28,35,114,0,,09-01-2018
102,schiphol,74,53,67,35,154,6,,10-01-2018
103,schiphol,73,38,61,10,29,0,,11-01-2018
104,de bilt,174,97,141,45,179,-1,,01-10-2017
105,de bilt,179,134,156,47,237,6,,02-10-2017
106,de bilt,164,118,136,32,270,16,,03-10-2017
107,de bilt,152,114,130,41,242,28,,04-10-2017
108,de bilt,160,103,129,45,276,252,,05-10-2017
109,de bilt,150,95,116,28,303,32,,06-10-2017
110,de bilt,143,106,122,39,239,159,,07-10-2017
111,de bilt,147,97,121,14,319,1,,08-10-2017
112,de bilt,134,101,121,18,210,104,,09-10-2017
113,de bilt,158,124,143,40,232,3,,10-10-2017
114,de bilt,161,142,148,60,216,2,,11-10-2017
115,de bilt,161,108,134,35,247,2,,12-10-2017
116,de bilt,182,109,153,37,220,0,,13-10-2017
117,de bilt,199,96,148,28,222,0,,14-10-2017
118,de bilt,221,93,158,27,169,0,,15-10-2017
119,de bilt,244,137,186,27,183,0,,16-10-2017
120,de bilt,166,82,129,22,214,0,,17-10-2017
121,de bilt,186,104,137,14,99,0,,18-10-2017
122,de bilt,204,101,157,28,146,-1,,19-10-2017
123,de bilt,167,104,137,52,204,73,,20-10-2017
124,de bilt,175,104,132,47,197,5,,21-10-2017
125,de bilt,132,96,108,44,228,132,,22-10-2017
126,de bilt,152,103,126,28,248,1,,23-10-2017
127,de bilt,171,130,153,45,220,8,,24-10-2017
128,de bilt,171,90,142,34,240,-1,,25-10-2017
129,de bilt,175,127,140,22,253,0,,26-10-2017
130,de bilt,144,99,118,26,313,4,,27-10-2017
131,de bilt,153,93,124,51,268,16,,28-10-2017
132,de bilt,152,68,107,47,322,10,,29-10-2017
133,de bilt,121,45,83,18,311,-1,,30-10-2017
134,de bilt,112,82,101,36,223,-1,,31-10-2017
135,de bilt,135,96,112,32,217,0,,01-11-2017
136,de bilt,140,38,98,20,246,-1,,02-11-2017
137,de bilt,124,34,88,14,170,5,,03-11-2017
138,de bilt,131,74,106,27,187,30,,04-11-2017
139,de bilt,109,50,78,20,265,48,,05-11-2017
140,de bilt,109,-5,48,11,301,4,,06-11-2017
141,de bilt,98,-13,33,11,134,0,,07-11-2017
142,de bilt,76,24,59,16,22,0,,08-11-2017
143,de bilt,111,62,87,33,219,14,,09-11-2017
144,de bilt,118,58,92,37,263,29,,10-11-2017
145,de bilt,94,38,66,25,244,37,,11-11-2017
146,de bilt,64,32,52,17,277,74,,12-11-2017
147,de bilt,103,10,62,25,325,13,,13-11-2017
148,de bilt,99,27,77,38,222,4,,14-11-2017
149,de bilt,102,85,94,27,197,23,,15-11-2017
150,de bilt,107,62,93,22,217,18,,16-11-2017
151,de bilt,110,6,56,13,259,0,,17-11-2017
152,de bilt,96,35,69,30,262,50,,18-11-2017
153,de bilt,99,44,67,30,287,19,,19-11-2017
154,de bilt,118,46,78,35,228,97,,20-11-2017
155,de bilt,124,106,115,42,233,13,,21-11-2017
156,de bilt,133,105,114,60,199,13,,22-11-2017
157,de bilt,144,82,111,58,211,8,,23-11-2017
158,de bilt,92,43,69,15,234,16,,24-11-2017
159,de bilt,74,-6,37,24,237,2,,25-11-2017
160,de bilt,80,30,53,33,245,57,,26-11-2017
161,de bilt,91,47,67,49,228,152,,27-11-2017
162,de bilt,78,12,54,30,247,9,,28-11-2017
163,de bilt,40,6,29,16,202,1,,29-11-2017
164,de bilt,46,-24,15,14,266,6,,30-11-2017
165,de bilt,31,-28,0,11,22,-1,,01-12-2017
166,de bilt,6,-12,-4,24,196,-1,,02-12-2017
167,de bilt,66,3,37,23,232,20,,03-12-2017
168,de bilt,91,52,70,24,273,25,,04-12-2017
169,de bilt,94,54,76,31,244,0,,05-12-2017
170,de bilt,92,69,80,45,226,0,,06-12-2017
171,de bilt,72,43,59,56,213,78,,07-12-2017
172,de bilt,61,3,26,39,262,154,,08-12-2017
173,de bilt,46,4,21,38,242,125,,09-12-2017
174,de bilt,41,0,11,24,172,128,,10-12-2017
175,de bilt,16,-29,-1,39,38,98,,11-12-2017
176,de bilt,41,3,18,26,239,5,,12-12-2017
177,de bilt,64,8,40,50,203,138,,13-12-2017
178,de bilt,54,4,33,38,228,150,,14-12-2017
179,de bilt,43,-2,26,17,194,2,,15-12-2017
180,de bilt,62,1,27,21,280,14,,16-12-2017
181,de bilt,63,-28,25,27,220,49,,17-12-2017
182,de bilt,80,22,59,26,335,8,,18-12-2017
183,de bilt,75,13,52,21,238,-1,,19-12-2017
184,de bilt,87,49,75,14,263,3,,20-12-2017
185,de bilt,93,76,84,15,259,3,,21-12-2017
186,de bilt,96,73,86,7,292,25,,22-12-2017
187,de bilt,94,80,87,47,250,-1,,23-12-2017
188,de bilt,96,72,82,55,237,7,,24-12-2017
189,de bilt,91,45,74,58,202,4,,25-12-2017
190,de bilt,74,46,58,55,205,12,,26-12-2017
191,de bilt,66,36,51,27,187,73,,27-12-2017
192,de bilt,53,24,39,35,257,7,,28-12-2017
193,de bilt,67,-7,28,39,198,67,,29-12-2017
194,de bilt,122,39,88,49,228,37,,30-12-2017
195,de bilt,137,85,106,61,222,393,,31-12-2017
196,de bilt,88,52,68,45,225,47,,01-01-2018
197,de bilt,91,45,65,39,216,45,,02-01-2018
198,de bilt,112,54,88,82,257,95,,03-01-2018
199,de bilt,107,68,82,51,238,6,,04-01-2018
200,de bilt,87,44,64,38,225,27,,05-01-2018
201,de bilt,66,22,45,8,34,0,,06-01-2018
202,de bilt,31,-12,10,58,53,0,,07-01-2018
203,de bilt,39,-14,11,55,79,0,,08-01-2018
204,de bilt,61,-2,30,26,117,0,,09-01-2018
205,de bilt,76,58,69,27,161,26,,10-01-2018
206,de bilt,76,28,57,12,14,0,,11-01-2018
207,leeuwarden,174,95,139,54,177,2,,01-10-2017
208,leeuwarden,171,126,150,68,246,29,,02-10-2017
209,leeuwarden,159,120,135,60,278,-1,,03-10-2017
210,leeuwarden,142,120,132,81,258,4,,04-10-2017
211,leeuwarden,157,103,125,87,292,74,,05-10-2017
212,leeuwarden,146,102,118,74,314,39,,06-10-2017
213,leeuwarden,143,105,125,56,261,61,,07-10-2017
214,leeuwarden,142,73,115,37,318,-1,,08-10-2017
215,leeuwarden,142,79,119,21,218,11,,09-10-2017
216,leeuwarden,156,114,137,47,232,3,,10-10-2017
217,leeuwarden,161,129,145,73,221,16,,11-10-2017
218,leeuwarden,148,96,125,56,262,-1,,12-10-2017
219,leeuwarden,167,108,145,53,218,0,,13-10-2017
220,leeuwarden,183,121,154,47,226,0,,14-10-2017
221,leeuwarden,208,118,159,39,184,0,,15-10-2017
222,leeuwarden,220,126,174,38,191,0,,16-10-2017
223,leeuwarden,161,92,126,45,223,0,,17-10-2017
224,leeuwarden,152,75,121,22,91,0,,18-10-2017
225,leeuwarden,191,115,151,32,145,-1,,19-10-2017
226,leeuwarden,164,118,139,51,200,180,,20-10-2017
227,leeuwarden,163,104,122,49,185,25,,21-10-2017
228,leeuwarden,135,98,115,52,231,182,,22-10-2017
229,leeuwarden,143,85,119,54,268,3,,23-10-2017
230,leeuwarden,158,114,145,52,215,32,,24-10-2017
231,leeuwarden,156,85,132,52,245,3,,25-10-2017
232,leeuwarden,151,101,125,35,262,3,,26-10-2017
233,leeuwarden,139,103,116,60,319,13,,27-10-2017
234,leeuwarden,145,107,127,85,283,-1,,28-10-2017
235,leeuwarden,142,75,100,110,333,8,,29-10-2017
236,leeuwarden,112,63,86,47,328,3,,30-10-2017
237,leeuwarden,120,65,101,38,234,17,,31-10-2017
238,leeuwarden,146,99,121,50,231,1,,01-11-2017
239,leeuwarden,142,45,92,22,279,-1,,02-11-2017
240,leeuwarden,113,58,91,23,195,0,,03-11-2017
241,leeuwarden,123,74,101,33,187,11,,04-11-2017
242,leeuwarden,101,44,73,23,257,29,,05-11-2017
243,leeuwarden,109,18,62,12,319,11,,06-11-2017
244,leeuwarden,87,17,47,27,152,0,,07-11-2017
245,leeuwarden,77,43,60,16,61,0,,08-11-2017
246,leeuwarden,109,49,84,35,226,11,,09-11-2017
247,leeuwarden,112,47,79,57,281,21,,10-11-2017
248,leeuwarden,97,28,66,45,291,25,,11-11-2017
249,leeuwarden,80,23,55,20,321,111,,12-11-2017
250,leeuwarden,100,27,70,52,337,1,,13-11-2017
251,leeuwarden,99,31,81,40,233,15,,14-11-2017
252,leeuwarden,104,93,97,31,204,1,,15-11-2017
253,leeuwarden,103,41,89,29,225,39,,16-11-2017
254,leeuwarden,99,8,55,29,243,0,,17-11-2017
255,leeuwarden,88,53,71,59,282,30,,18-11-2017
256,leeuwarden,93,51,70,68,309,38,,19-11-2017
257,leeuwarden,105,48,70,29,231,39,,20-11-2017
258,leeuwarden,113,94,105,49,236,65,,21-11-2017
259,leeuwarden,118,91,108,77,203,16,,22-11-2017
260,leeuwarden,135,58,94,59,208,23,,23-11-2017
261,leeuwarden,92,16,56,28,219,-1,,24-11-2017
262,leeuwarden,66,-2,32,23,235,21,,25-11-2017
263,leeuwarden,76,22,50,52,259,59,,26-11-2017
264,leeuwarden,91,41,67,64,240,65,,27-11-2017
265,leeuwarden,72,20,55,58,261,20,,28-11-2017
266,leeuwarden,67,2,33,13,236,9,,29-11-2017
267,leeuwarden,45,-28,11,10,252,29,,30-11-2017
268,leeuwarden,45,-28,3,7,24,2,,01-12-2017
269,leeuwarden,32,-28,6,37,205,2,,02-12-2017
270,leeuwarden,88,32,62,33,277,18,,03-12-2017
271,leeuwarden,90,55,74,40,296,16,,04-12-2017
272,leeuwarden,87,72,79,61,261,-1,,05-12-2017
273,leeuwarden,92,70,81,67,242,0,,06-12-2017
274,leeuwarden,74,47,60,78,218,66,,07-12-2017
275,leeuwarden,59,7,34,59,282,56,,08-12-2017
276,leeuwarden,58,7,32,51,270,52,,09-12-2017
277,leeuwarden,16,-1,5,27,122,12,,10-12-2017
278,leeuwarden,25,-18,6,43,46,44,,11-12-2017
279,leeuwarden,60,9,24,22,280,14,,12-12-2017
280,leeuwarden,56,9,35,61,199,101,,13-12-2017
281,leeuwarden,60,11,35,44,237,55,,14-12-2017
282,leeuwarden,29,8,21,25,192,2,,15-12-2017
283,leeuwarden,50,11,33,42,299,22,,16-12-2017
284,leeuwarden,60,4,32,30,220,45,,17-12-2017
285,leeuwarden,73,-3,40,16,343,3,,18-12-2017
286,leeuwarden,67,37,56,29,257,-1,,19-12-2017
287,leeuwarden,78,43,68,29,254,1,,20-12-2017
288,leeuwarden,77,34,61,23,266,7,,21-12-2017
289,leeuwarden,62,9,39,13,237,-1,,22-12-2017
290,leeuwarden,80,62,75,80,249,1,,23-12-2017
291,leeuwarden,89,76,82,87,237,-1,,24-12-2017
292,leeuwarden,88,45,75,81,210,-1,,25-12-2017
293,leeuwarden,70,39,52,73,211,9,,26-12-2017
294,leeuwarden,55,32,45,17,179,141,,27-12-2017
295,leeuwarden,48,15,36,64,272,48,,28-12-2017
296,leeuwarden,61,3,27,44,198,34,,29-12-2017
297,leeuwarden,95,34,67,59,238,53,,30-12-2017
298,leeuwarden,118,61,89,67,221,57,,31-12-2017
299,leeuwarden,79,40,60,61,226,56,,01-01-2018
300,leeuwarden,75,31,56,43,214,26,,02-01-2018
301,leeuwarden,92,53,75,109,261,206,,03-01-2018
302,leeuwarden,91,58,73,66,245,35,,04-01-2018
303,leeuwarden,76,40,60,52,234,32,,05-01-2018
304,leeuwarden,61,18,44,12,40,1,,06-01-2018
305,leeuwarden,28,-16,5,58,65,0,,07-01-2018
306,leeuwarden,22,-24,-1,74,86,0,,08-01-2018
307,leeuwarden,39,-11,11,45,112,0,,09-01-2018
308,leeuwarden,68,38,58,34,148,20,,10-01-2018
309,leeuwarden,63,40,51,14,44,0,,11-01-2018
310,vlissingen,165,135,152,92,183,-1,,01-10-2017
311,vlissingen,171,142,160,111,246,65,,02-10-2017
312,vlissingen,159,130,144,71,288,0,,03-10-2017
313,vlissingen,154,117,139,95,245,-1,,04-10-2017
314,vlissingen,166,113,142,83,279,9,,05-10-2017
315,vlissingen,149,108,129,62,314,21,,06-10-2017
316,vlissingen,156,106,132,82,244,186,,07-10-2017
317,vlissingen,158,123,137,31,297,13,,08-10-2017
318,vlissingen,156,125,139,48,230,3,,09-10-2017
319,vlissingen,162,129,147,79,239,8,,10-10-2017
320,vlissingen,158,134,149,100,212,1,,11-10-2017
321,vlissingen,162,121,143,74,256,10,,12-10-2017
322,vlissingen,181,122,155,63,218,0,,13-10-2017
323,vlissingen,195,135,157,36,218,0,,14-10-2017
324,vlissingen,208,139,168,50,171,0,,15-10-2017
325,vlissingen,225,155,181,58,192,-1,,16-10-2017
326,vlissingen,156,132,142,23,216,0,,17-10-2017
327,vlissingen,175,126,151,21,113,0,,18-10-2017
328,vlissingen,201,144,166,57,157,0,,19-10-2017
329,vlissingen,169,123,137,102,208,105,,20-10-2017
330,vlissingen,166,120,138,106,203,20,,21-10-2017
331,vlissingen,132,105,121,95,263,71,,22-10-2017
332,vlissingen,150,122,136,59,243,2,,23-10-2017
333,vlissingen,169,140,155,77,224,1,,24-10-2017
334,vlissingen,161,135,148,66,236,0,,25-10-2017
335,vlissingen,149,127,138,33,254,15,,26-10-2017
336,vlissingen,146,105,129,50,330,2,,27-10-2017
337,vlissingen,152,114,132,110,272,4,,28-10-2017
338,vlissingen,153,91,119,74,330,26,,29-10-2017
339,vlissingen,122,84,98,29,340,23,,30-10-2017
340,vlissingen,124,87,107,71,226,1,,31-10-2017
341,vlissingen,136,90,112,55,210,0,,01-11-2017
342,vlissingen,134,81,111,36,249,-1,,02-11-2017
343,vlissingen,139,104,116,33,188,4,,03-11-2017
344,vlissingen,133,101,116,39,201,47,,04-11-2017
345,vlissingen,109,69,94,55,302,59,,05-11-2017
346,vlissingen,112,66,90,17,329,4,,06-11-2017
347,vlissingen,96,55,76,33,177,0,,07-11-2017
348,vlissingen,87,49,73,14,36,-1,,08-11-2017
349,vlissingen,111,76,95,55,222,10,,09-11-2017
350,vlissingen,132,93,107,78,275,1,,10-11-2017
351,vlissingen,106,69,87,36,270,10,,11-11-2017
352,vlissingen,95,56,78,55,318,121,,12-11-2017
353,vlissingen,108,63,84,52,341,20,,13-11-2017
354,vlissingen,97,61,83,69,219,2,,14-11-2017
355,vlissingen,117,94,102,43,205,5,,15-11-2017
356,vlissingen,117,90,102,36,220,13,,16-11-2017
357,vlissingen,110,62,83,21,296,0,,17-11-2017
358,vlissingen,102,78,91,82,281,0,,18-11-2017
359,vlissingen,96,57,79,54,302,2,,19-11-2017
360,vlissingen,116,51,87,82,231,34,,20-11-2017
361,vlissingen,127,109,116,101,230,11,,21-11-2017
362,vlissingen,126,107,115,110,195,0,,22-11-2017
363,vlissingen,135,87,110,104,209,25,,23-11-2017
364,vlissingen,103,57,83,17,263,58,,24-11-2017
365,vlissingen,83,50,64,60,273,9,,25-11-2017
366,vlissingen,82,60,73,84,277,3,,26-11-2017
367,vlissingen,107,53,80,88,243,188,,27-11-2017
368,vlissingen,82,44,69,55,288,11,,28-11-2017
369,vlissingen,84,34,53,17,277,129,,29-11-2017
370,vlissingen,55,21,38,35,315,153,,30-11-2017
371,vlissingen,51,17,32,22,36,6,,01-12-2017
372,vlissingen,40,-19,1,39,187,0,,02-12-2017
373,vlissingen,77,8,45,40,235,19,,03-12-2017
374,vlissingen,91,50,73,38,267,-1,,04-12-2017
375,vlissingen,91,57,80,55,249,0,,05-12-2017
376,vlissingen,89,65,79,75,217,0,,06-12-2017
377,vlissingen,85,43,64,97,213,61,,07-12-2017
378,vlissingen,70,35,50,103,289,4,,08-12-2017
379,vlissingen,52,17,37,79,261,-1,,09-12-2017
380,vlissingen,75,8,37,55,201,122,,10-12-2017
381,vlissingen,38,0,19,73,35,135,,11-12-2017
382,vlissingen,45,20,30,38,213,55,,12-12-2017
383,vlissingen,75,31,55,95,212,116,,13-12-2017
384,vlissingen,66,23,48,94,242,30,,14-12-2017
385,vlissingen,52,18,37,38,210,26,,15-12-2017
386,vlissingen,62,35,48,48,307,58,,16-12-2017
387,vlissingen,80,33,48,48,234,74,,17-12-2017
388,vlissingen,86,44,69,51,343,-1,,18-12-2017
389,vlissingen,70,38,55,37,248,0,,19-12-2017
390,vlissingen,76,64,69,37,263,2,,20-12-2017
391,vlissingen,87,67,76,47,262,30,,21-12-2017
392,vlissingen,92,67,79,41,273,3,,22-12-2017
393,vlissingen,87,70,80,81,249,-1,,23-12-2017
394,vlissingen,96,72,81,94,238,2,,24-12-2017
395,vlissingen,87,54,73,110,195,1,,25-12-2017
396,vlissingen,71,52,64,97,199,19,,26-12-2017
397,vlissingen,72,36,57,38,217,52,,27-12-2017
398,vlissingen,60,27,47,79,284,17,,28-12-2017
399,vlissingen,77,12,42,82,210,33,,29-12-2017
400,vlissingen,109,51,87,113,235,42,,30-12-2017
401,vlissingen,118,76,99,119,218,236,,31-12-2017
402,vlissingen,85,54,67,73,235,75,,01-01-2018
403,vlissingen,93,60,72,66,226,74,,02-01-2018
404,vlissingen,108,75,89,154,254,57,,03-01-2018
405,vlissingen,109,68,83,107,242,7,,04-01-2018
406,vlissingen,85,55,70,68,219,46,,05-01-2018
407,vlissingen,68,40,55,17,31,0,,06-01-2018
408,vlissingen,40,12,24,98,53,0,,07-01-2018
409,vlissingen,47,12,26,67,65,0,,08-01-2018
410,vlissingen,63,18,41,33,136,1,,09-01-2018
411,vlissingen,76,55,68,59,180,30,,10-01-2018
412,vlissingen,58,38,51,11,4,0,,11-01-2018
413,rotterdam,168,116,148,62,180,-1,,01-10-2017
414,rotterdam,178,135,158,70,244,8,,02-10-2017
415,rotterdam,163,123,139,47,278,5,,03-10-2017
416,rotterdam,150,116,134,61,252,22,,04-10-2017
417,rotterdam,164,111,134,74,282,184,,05-10-2017
418,rotterdam,152,91,119,48,304,53,,06-10-2017
419,rotterdam,152,97,130,52,245,122,,07-10-2017
420,rotterdam,163,112,131,17,310,12,,08-10-2017
421,rotterdam,149,93,131,29,217,42,,09-10-2017
422,rotterdam,158,98,143,54,232,9,,10-10-2017
423,rotterdam,162,142,150,81,214,50,,11-10-2017
424,rotterdam,161,116,137,50,249,0,,12-10-2017
425,rotterdam,186,112,156,54,221,0,,13-10-2017
426,rotterdam,198,101,153,39,224,0,,14-10-2017
427,rotterdam,225,91,165,34,176,0,,15-10-2017
428,rotterdam,246,155,194,46,195,-1,,16-10-2017
429,rotterdam,160,93,132,32,228,0,,17-10-2017
430,rotterdam,179,102,143,21,84,-1,,18-10-2017
431,rotterdam,209,113,168,34,153,6,,19-10-2017
432,rotterdam,170,116,137,69,206,72,,20-10-2017
433,rotterdam,173,112,134,69,198,25,,21-10-2017
434,rotterdam,130,100,112,54,244,168,,22-10-2017
435,rotterdam,159,111,131,39,247,17,,23-10-2017
436,rotterdam,167,136,156,68,222,7,,24-10-2017
437,rotterdam,172,101,147,51,239,0,,25-10-2017
438,rotterdam,172,114,140,29,260,-1,,26-10-2017
439,rotterdam,150,90,118,40,323,19,,27-10-2017
440,rotterdam,152,105,128,71,272,0,,28-10-2017
441,rotterdam,151,53,106,63,331,13,,29-10-2017
442,rotterdam,118,45,85,11,341,8,,30-10-2017
443,rotterdam,125,68,106,42,226,-1,,31-10-2017
444,rotterdam,134,103,116,44,214,0,,01-11-2017
445,rotterdam,137,63,103,20,246,4,,02-11-2017
446,rotterdam,135,89,107,20,173,0,,03-11-2017
447,rotterdam,134,88,112,31,193,17,,04-11-2017
448,rotterdam,112,31,80,32,281,52,,05-11-2017
449,rotterdam,111,5,61,9,318,14,,06-11-2017
450,rotterdam,98,-5,41,17,147,0,,07-11-2017
451,rotterdam,81,8,52,14,18,1,,08-11-2017
452,rotterdam,117,66,90,35,215,5,,09-11-2017
453,rotterdam,127,74,97,58,277,9,,10-11-2017
454,rotterdam,111,45,77,32,263,13,,11-11-2017
455,rotterdam,77,44,61,25,322,137,,12-11-2017
456,rotterdam,108,19,67,33,346,33,,13-11-2017
457,rotterdam,96,39,81,45,216,15,,14-11-2017
458,rotterdam,109,89,99,31,189,17,,15-11-2017
459,rotterdam,115,40,95,26,219,15,,16-11-2017
460,rotterdam,110,16,57,15,260,0,,17-11-2017
461,rotterdam,104,50,80,51,280,9,,18-11-2017
462,rotterdam,104,48,72,45,303,15,,19-11-2017
463,rotterdam,125,52,87,52,235,83,,20-11-2017
464,rotterdam,127,112,119,63,230,21,,21-11-2017
465,rotterdam,128,107,117,81,195,5,,22-11-2017
466,rotterdam,142,86,112,76,208,30,,23-11-2017
467,rotterdam,92,37,68,11,233,43,,24-11-2017
468,rotterdam,76,10,43,28,249,10,,25-11-2017
469,rotterdam,81,42,63,49,264,8,,26-11-2017
470,rotterdam,101,55,76,62,236,189,,27-11-2017
471,rotterdam,84,9,57,40,260,29,,28-11-2017
472,rotterdam,77,0,35,12,202,37,,29-11-2017
473,rotterdam,57,-12,20,8,249,135,,30-11-2017
474,rotterdam,39,-40,2,11,33,0,,01-12-2017
475,rotterdam,12,-44,-4,30,190,0,,02-12-2017
476,rotterdam,71,12,45,22,223,26,,03-12-2017
477,rotterdam,105,26,66,29,275,2,,04-12-2017
478,rotterdam,93,65,82,40,258,0,,05-12-2017
479,rotterdam,93,68,84,58,227,0,,06-12-2017
480,rotterdam,76,41,60,74,213,75,,07-12-2017
481,rotterdam,64,7,35,65,286,119,,08-12-2017
482,rotterdam,48,9,34,53,259,73,,09-12-2017
483,rotterdam,48,0,17,28,177,187,,10-12-2017
484,rotterdam,18,-8,6,49,40,80,,11-12-2017
485,rotterdam,30,0,19,30,223,22,,12-12-2017
486,rotterdam,74,21,48,64,206,156,,13-12-2017
487,rotterdam,66,12,43,57,233,89,,14-12-2017
488,rotterdam,45,-5,26,28,189,20,,15-12-2017
489,rotterdam,74,3,32,31,292,40,,16-12-2017
490,rotterdam,60,-11,30,35,215,58,,17-12-2017
491,rotterdam,85,3,60,45,338,9,,18-12-2017
492,rotterdam,76,1,49,31,239,0,,19-12-2017
493,rotterdam,91,64,81,19,263,1,,20-12-2017
494,rotterdam,100,77,88,19,252,9,,21-12-2017
495,rotterdam,98,85,91,20,277,17,,22-12-2017
496,rotterdam,93,81,87,64,244,-1,,23-12-2017
497,rotterdam,96,72,82,78,236,3,,24-12-2017
498,rotterdam,92,49,75,78,198,6,,25-12-2017
499,rotterdam,76,51,60,69,205,14,,26-12-2017
500,rotterdam,73,39,55,27,207,59,,27-12-2017
501,rotterdam,55,22,41,51,274,12,,28-12-2017
502,rotterdam,73,5,36,50,210,99,,29-12-2017
503,rotterdam,117,47,91,76,226,59,,30-12-2017
504,rotterdam,130,85,105,84,219,253,,31-12-2017
505,rotterdam,86,54,68,59,225,19,,01-01-2018
506,rotterdam,93,57,70,48,221,64,,02-01-2018
507,rotterdam,111,56,88,106,252,89,,03-01-2018
508,rotterdam,107,72,83,72,235,10,,04-01-2018
509,rotterdam,84,52,66,50,225,60,,05-01-2018
510,rotterdam,72,26,50,11,41,0,,06-01-2018
511,rotterdam,30,-10,12,72,52,0,,07-01-2018
512,rotterdam,35,-5,13,60,75,0,,08-01-2018
513,rotterdam,60,-3,32,23,124,-1,,09-01-2018
514,rotterdam,77,46,72,38,174,12,,10-01-2018
515,rotterdam,71,2,46,13,8,0,,11-01-2018
516,eindhoven,182,92,145,47,179,1,,01-10-2017
517,eindhoven,195,122,158,55,237,22,,02-10-2017
518,eindhoven,168,106,129,39,255,8,,03-10-2017
519,eindhoven,150,96,126,54,233,1,,04-10-2017
520,eindhoven,160,80,123,54,258,88,,05-10-2017
521,eindhoven,150,68,105,35,272,51,,06-10-2017
522,eindhoven,129,93,110,61,222,105,,07-10-2017
523,eindhoven,151,99,120,18,270,11,,08-10-2017
524,eindhoven,157,94,125,25,220,2,,09-10-2017
525,eindhoven,166,123,145,48,225,-1,,10-10-2017
526,eindhoven,163,127,147,62,210,-1,,11-10-2017
527,eindhoven,169,83,129,39,242,0,,12-10-2017
528,eindhoven,203,87,153,33,214,0,,13-10-2017
529,eindhoven,216,112,155,21,214,0,,14-10-2017
530,eindhoven,240,94,165,25,170,0,,15-10-2017
531,eindhoven,255,141,190,31,184,-1,,16-10-2017
532,eindhoven,170,116,141,11,237,0,,17-10-2017
533,eindhoven,217,116,148,9,131,0,,18-10-2017
534,eindhoven,221,100,167,29,152,1,,19-10-2017
535,eindhoven,170,104,139,59,202,9,,20-10-2017
536,eindhoven,182,100,134,47,199,6,,21-10-2017
537,eindhoven,128,92,103,64,224,56,,22-10-2017
538,eindhoven,153,77,119,42,231,-1,,23-10-2017
539,eindhoven,166,126,150,46,207,8,,24-10-2017
540,eindhoven,165,106,143,40,225,-1,,25-10-2017
541,eindhoven,170,111,134,23,244,12,,26-10-2017
542,eindhoven,149,69,113,26,304,-1,,27-10-2017
543,eindhoven,148,81,112,59,252,36,,28-10-2017
544,eindhoven,147,44,100,49,308,46,,29-10-2017
545,eindhoven,119,40,76,20,294,0,,30-10-2017
546,eindhoven,107,67,92,42,214,-1,,31-10-2017
547,eindhoven,142,84,108,35,213,0,,01-11-2017
548,eindhoven,135,55,96,29,230,3,,02-11-2017
549,eindhoven,137,62,93,15,179,0,,03-11-2017
550,eindhoven,156,54,106,30,197,24,,04-11-2017
551,eindhoven,113,18,69,27,249,34,,05-11-2017
552,eindhoven,107,-11,44,11,286,0,,06-11-2017
553,eindhoven,96,-28,34,8,75,0,,07-11-2017
554,eindhoven,72,38,58,17,346,-1,,08-11-2017
555,eindhoven,100,57,79,36,215,7,,09-11-2017
556,eindhoven,129,34,83,49,244,2,,10-11-2017
557,eindhoven,82,26,59,31,232,11,,11-11-2017
558,eindhoven,76,31,46,23,269,48,,12-11-2017
559,eindhoven,103,1,54,23,310,5,,13-11-2017
560,eindhoven,95,-1,62,42,221,-1,,14-11-2017
561,eindhoven,95,75,86,24,198,6,,15-11-2017
562,eindhoven,100,84,91,23,214,11,,16-11-2017
563,eindhoven,101,2,48,9,251,0,,17-11-2017
564,eindhoven,83,3,56,42,237,23,,18-11-2017
565,eindhoven,102,18,55,34,257,11,,19-11-2017
566,eindhoven,112,32,67,49,220,107,,20-11-2017
567,eindhoven,120,99,109,57,218,43,,21-11-2017
568,eindhoven,136,100,112,61,194,0,,22-11-2017
569,eindhoven,160,67,115,62,207,22,,23-11-2017
570,eindhoven,96,36,68,15,239,97,,24-11-2017
571,eindhoven,74,-5,30,24,236,16,,25-11-2017
572,eindhoven,69,23,40,57,229,3,,26-11-2017
573,eindhoven,82,30,59,64,217,153,,27-11-2017
574,eindhoven,75,-5,38,43,228,2,,28-11-2017
575,eindhoven,33,-18,16,16,196,-1,,29-11-2017
576,eindhoven,37,6,21,25,255,6,,30-11-2017
577,eindhoven,38,-43,7,17,3,-1,,01-12-2017
578,eindhoven,-3,-23,-13,20,208,-1,,02-12-2017
579,eindhoven,38,-9,16,37,223,29,,03-12-2017
580,eindhoven,90,10,50,28,246,-1,,04-12-2017
581,eindhoven,71,23,59,45,225,-1,,05-12-2017
582,eindhoven,90,63,73,53,216,0,,06-12-2017
583,eindhoven,74,34,55,70,209,79,,07-12-2017
584,eindhoven,54,4,24,45,251,54,,08-12-2017
585,eindhoven,37,-6,14,60,226,2,,09-12-2017
586,eindhoven,67,0,22,47,205,137,,10-12-2017
587,eindhoven,12,-23,4,35,37,154,,11-12-2017
588,eindhoven,18,2,12,37,230,-1,,12-12-2017
589,eindhoven,75,4,43,62,202,99,,13-12-2017
590,eindhoven,57,4,35,63,221,27,,14-12-2017
591,eindhoven,50,14,33,23,199,-1,,15-12-2017
592,eindhoven,58,-4,24,31,261,28,,16-12-2017
593,eindhoven,52,-19,19,37,213,45,,17-12-2017
594,eindhoven,79,14,59,26,323,19,,18-12-2017
595,eindhoven,73,26,51,27,240,2,,19-12-2017
596,eindhoven,85,50,73,20,249,4,,20-12-2017
597,eindhoven,100,76,88,20,242,6,,21-12-2017
598,eindhoven,97,88,92,22,266,33,,22-12-2017
599,eindhoven,97,84,91,52,243,0,,23-12-2017
600,eindhoven,103,79,94,64,231,0,,24-12-2017
601,eindhoven,86,41,69,62,199,0,,25-12-2017
602,eindhoven,74,40,58,61,203,13,,26-12-2017
603,eindhoven,74,12,50,30,192,29,,27-12-2017
604,eindhoven,48,8,27,43,245,10,,28-12-2017
605,eindhoven,60,-8,24,52,196,48,,29-12-2017
606,eindhoven,129,33,95,62,225,34,,30-12-2017
607,eindhoven,142,82,114,78,217,149,,31-12-2017
608,eindhoven,88,45,65,54,219,69,,01-01-2018
609,eindhoven,91,40,65,45,218,51,,02-01-2018
610,eindhoven,118,67,89,96,250,141,,03-01-2018
611,eindhoven,117,58,84,64,234,10,,04-01-2018
612,eindhoven,94,34,72,46,218,31,,05-01-2018
613,eindhoven,58,3,40,15,36,5,,06-01-2018
614,eindhoven,40,10,22,72,48,0,,07-01-2018
615,eindhoven,47,14,27,53,65,0,,08-01-2018
616,eindhoven,65,17,41,23,113,-1,,09-01-2018
617,eindhoven,85,61,73,32,174,24,,10-01-2018
618,eindhoven,85,42,65,10,10,0,,11-01-2018
619,maastricht,176,90,141,48,188,-1,,01-10-2017
620,maastricht,193,116,156,62,229,35,,02-10-2017
621,maastricht,161,85,120,35,249,9,,03-10-2017
622,maastricht,145,87,120,49,232,0,,04-10-2017
623,maastricht,153,85,120,53,253,21,,05-10-2017
624,maastricht,142,78,101,30,270,3,,06-10-2017
625,maastricht,110,86,100,59,226,61,,07-10-2017
626,maastricht,145,101,118,20,252,59,,08-10-2017
627,maastricht,156,105,125,23,217,-1,,09-10-2017
628,maastricht,159,120,138,44,228,16,,10-10-2017
629,maastricht,157,124,143,58,218,0,,11-10-2017
630,maastricht,166,100,135,42,233,1,,12-10-2017
631,maastricht,190,101,156,35,219,-1,,13-10-2017
632,maastricht,217,128,163,28,199,0,,14-10-2017
633,maastricht,242,98,171,29,183,0,,15-10-2017
634,maastricht,255,158,192,43,190,-1,,16-10-2017
635,maastricht,188,122,149,8,174,0,,17-10-2017
636,maastricht,215,74,149,17,184,0,,18-10-2017
637,maastricht,216,114,168,28,165,1,,19-10-2017
638,maastricht,168,102,137,61,209,8,,20-10-2017
639,maastricht,168,106,132,60,203,25,,21-10-2017
640,maastricht,130,86,100,59,224,34,,22-10-2017
641,maastricht,138,90,114,43,227,-1,,23-10-2017
642,maastricht,156,117,140,44,203,15,,24-10-2017
643,maastricht,165,134,150,40,227,-1,,25-10-2017
644,maastricht,163,113,142,22,241,10,,26-10-2017
645,maastricht,141,81,110,26,305,1,,27-10-2017
646,maastricht,137,71,98,53,240,16,,28-10-2017
647,maastricht,136,43,92,40,300,47,,29-10-2017
648,maastricht,110,43,70,16,291,0,,30-10-2017
649,maastricht,104,60,84,41,216,1,,31-10-2017
650,maastricht,142,79,104,36,220,0,,01-11-2017
651,maastricht,119,75,95,35,225,-1,,02-11-2017
652,maastricht,134,61,90,20,188,6,,03-11-2017
653,maastricht,154,57,114,42,206,1,,04-11-2017
654,maastricht,116,20,69,27,251,53,,05-11-2017
655,maastricht,102,1,52,7,251,1,,06-11-2017
656,maastricht,81,-10,36,13,64,0,,07-11-2017
657,maastricht,64,45,55,14,322,20,,08-11-2017
658,maastricht,79,52,68,33,219,10,,09-11-2017
659,maastricht,101,52,76,43,240,26,,10-11-2017
660,maastricht,76,41,60,27,230,31,,11-11-2017
661,maastricht,66,36,47,24,262,12,,12-11-2017
662,maastricht,91,10,50,27,311,2,,13-11-2017
663,maastricht,94,6,54,44,213,4,,14-11-2017
664,maastricht,94,61,79,29,200,6,,15-11-2017
665,maastricht,103,56,83,27,213,-1,,16-11-2017
666,maastricht,94,14,60,7,320,7,,17-11-2017
667,maastricht,67,5,43,43,226,35,,18-11-2017
668,maastricht,86,25,49,31,251,9,,19-11-2017
669,maastricht,97,23,57,50,214,47,,20-11-2017
670,maastricht,102,88,96,61,223,27,,21-11-2017
671,maastricht,134,94,108,65,197,0,,22-11-2017
672,maastricht,153,91,120,70,208,3,,23-11-2017
673,maastricht,98,54,73,10,237,147,,24-11-2017
674,maastricht,64,21,38,18,265,21,,25-11-2017
675,maastricht,52,14,34,47,223,1,,26-11-2017
676,maastricht,76,25,55,70,220,126,,27-11-2017
677,maastricht,77,22,47,35,227,7,,28-11-2017
678,maastricht,29,-1,19,20,212,-1,,29-11-2017
679,maastricht,32,2,18,25,247,40,,30-11-2017
680,maastricht,37,-1,18,27,15,4,,01-12-2017
681,maastricht,11,-18,-1,12,215,0,,02-12-2017
682,maastricht,24,-19,4,48,210,26,,03-12-2017
683,maastricht,75,24,51,29,238,6,,04-12-2017
684,maastricht,62,46,55,41,230,-1,,05-12-2017
685,maastricht,73,52,64,48,224,0,,06-12-2017
686,maastricht,65,21,48,76,212,49,,07-12-2017
687,maastricht,55,0,22,47,242,3,,08-12-2017
688,maastricht,17,-7,7,57,229,-1,,09-12-2017
689,maastricht,76,-1,29,64,205,73,,10-12-2017
690,maastricht,76,-1,25,18,77,158,,11-12-2017
691,maastricht,24,1,14,39,235,2,,12-12-2017
692,maastricht,74,8,42,74,204,116,,13-12-2017
693,maastricht,48,9,30,61,229,91,,14-12-2017
694,maastricht,47,21,33,22,209,5,,15-12-2017
695,maastricht,49,8,27,27,255,13,,16-12-2017
696,maastricht,34,5,18,41,215,23,,17-12-2017
697,maastricht,68,11,49,21,320,57,,18-12-2017
698,maastricht,62,33,48,24,238,4,,19-12-2017
699,maastricht,73,54,67,23,235,14,,20-12-2017
700,maastricht,90,70,81,26,229,33,,21-12-2017
701,maastricht,95,86,90,23,258,23,,22-12-2017
702,maastricht,93,79,85,49,235,-1,,23-12-2017
703,maastricht,87,73,82,65,229,0,,24-12-2017
704,maastricht,82,31,58,66,206,0,,25-12-2017
705,maastricht,73,40,56,62,207,30,,26-12-2017
706,maastricht,75,29,52,41,203,32,,27-12-2017
707,maastricht,33,1,20,42,240,17,,28-12-2017
708,maastricht,54,-3,24,58,200,12,,29-12-2017
709,maastricht,126,33,92,61,221,39,,30-12-2017
710,maastricht,138,70,115,83,223,105,,31-12-2017
711,maastricht,79,44,60,58,222,41,,01-01-2018
712,maastricht,86,47,62,54,218,28,,02-01-2018
713,maastricht,112,69,85,83,247,114,,03-01-2018
714,maastricht,120,63,83,60,231,40,,04-01-2018
715,maastricht,95,46,76,56,221,16,,05-01-2018
716,maastricht,73,31,50,11,64,-1,,06-01-2018
717,maastricht,48,16,29,81,48,2,,07-01-2018
718,maastricht,54,18,36,57,71,0,,08-01-2018
719,maastricht,75,-1,45,18,133,0,,09-01-2018
720,maastricht,95,49,72,34,186,24,,10-01-2018
721,maastricht,81,37,58,12,40,0,,11-01-2018